Id,Gender,Age,Reason
0df4e9b7e44da40858f118225a4d3b6d8,m,04,hu
154d6c7fb1d47491e87ce8cb7b449844e,m,48,hu
25b507bbb9b214054afd56adcfc9ef4a8,m,26,hu
3e78d0fa158ef4d0d887b873493027d05,f,04,hu
44d024fbedfc1499a886acc8f086bc1b7,m,04,hu
532f0bcd7bc7c490e8e8214f34b471df0,m,04,hu
69e11f6e779194074877fad4a3c8b8413,f,26,dk
752764dcbe09b461c933faa968512316a,m,22,dk
8febcdb6ba9e34afe8daea554d5fde14d,f,26,hu
9890915cea8254443ba39862bb3a9f7e9,m,72,hu
10fdc94abfb3ad4d31b505ec2bf1825aa0,m,72,hu
11ced81b54299c408990eb054974ff3c05,m,04,hu
1248be76d6bcf44600840549e928091c47,m,04,hu
13e5159e65158b48c58e06f4237c23ab1c,m,26,dc
14b68890f3601343c493c8fe0b42739e5c,f,04,hu
1526bbd8cf6a74424fa7db83f2f1668f37,f,26,dk
161bf3ab3fda08405da4b49653f0890921,m,04,hu
172d347fed23224b7095baf5aba6bff8d5,m,26,hu
181b44ae155d76430f863120942e035a5f,m,48,hu
193c8a36f4ddad4e8aa495c1f24c194c73,m,72,hu
20aed32854016b43d9977d21bd19f5a484,f,48,hu
210db1bd5a174a4bf9a4b2009960f95ab6,m,04,hu
227131900c3c7d4952bbef63c643fe7e57,f,26,hu
23d5bd3bb2c23547ad9c9fef6b59b08459,f,26,hu
24562407ce602945fd9dc5991d717a7942,m,04,dc
25b42692297aca4bf2b2d2d2ead23f1fd0,f,48,hu
266636d3038f544433beeb7b29c5a2e6d9,m,04,hu
27ce314d8a31f04992ad34a248b659d616,m,04,dk
282b22d8f79c784f5f9755ab4cc157c60d,f,04,hu
2915e9635bb22543c08c0ed0da0f08826f,m,22,dk
30c73b23bd588b455faf019491678f3a53,f,26,hu
31eab2819c1b9a457d81271225249d61d0,f,26,hu
3240c113dc4d894033be4f79708bc13a44,f,04,hu
33256c3829521c45de8161844edc0b349a,m,04,hu
3427d2c0e586d14495991c203a0bc153b1,m,72,hu
35050614938cd346fe9bf6d2cd7aec5a81,m,72,hu
3602043ac5017643ffb1b52551cdc68b25,m,04,hu
37d414b260c6c34005a1abe80b7386101e,f,26,hu
383ce1cbfa60264732a75d003f9ce35dce,m,26,ti
39752572ef607347d4a2ed97ee239e44bd,f,26,hu
40503df46f27e946ab9a9db75f63d58ab1,f,04,hu
41bf0cf35e02814de3be1fb0fd972fc076,m,04,hu
42a3a9c0f52a184639b971ff94899ecbc9,m,04,hu
4336657c2dcf1943e6b00285d6ad1c5b95,f,72,hu
44e1de850d9a2e4429aae3b4cba8b6bafc,m,72,dk
45db9713e6b70d428da8fca63e1e1fe1c2,m,72,hu
46e415643e18cb41d28240c9d7a99d47ad,f,48,dk
4780e8f6b310f740cd87b90e5eafed996c,f,48,dk
48d9fc3ae55d014e53a8e587605393bce5,f,48,dk
490bdd380ca2e443349297bb4287dd8881,f,26,hu
5021d9378a741e4370ae65c3728748bfa9,f,26,hu
51009a15a59a6948bc95fe7fc9e68d9510,f,04,sc
52ba55cc86e6874001a76c8e47fbf78bdf,m,48,hu
5358b8e3fcf9eb4cf8a1c56d884ff02d14,f,48,hu
54ef5e6c4756f94f7eb982c0e0f91346f8,m,04,hu
559a0d4fe052004cc792f8fc8e26b22304,f,04,hu
563ef8cc2181be4603ac3f92f69e13c640,f,48,hu
57a87b3287a5724982ad1e2e1a393e9a31,f,26,lo
586aded8cf335d4facb2816ea920ce40a3,m,04,hu
599d3dc1ffc21644b086fbec2b3b6c8f65,m,04,hu
60114624bd9c9f43f6af7c7eb6eddd991f,f,26,dc
617ff71fd697f24d139f3f57f03bb45e73,f,04,hu
622e2d1c5c53214743bb0f270ccf8355fc,m,04,hu
63fa3363c28bb9423e9b93fa5a30e285d7,f,72,hu
64de6e6461ca0d4be0b30184c2a8adafd1,m,26,dc
65b59df130f12e4ea68317f8e14aa8b0c0,m,26,hu
665211a0116a3c4720a986804af6c0f01e,f,04,sc
67bcedd6b4dd784188a6cebd578b390527,m,04,hu
68f86544bb3c584e89be3ec60e83c8cef3,m,72,bp
6994fac063d2b3455b81f55dfa6b035725,m,72,dk
70eca94f7626854a758b6aef6f3631c357,m,04,hu
71c1bd477ba23040cda153562b2dd456ea,m,04,hu
723304c70edd3142bebae5a7006eb969c1,m,72,lo
730ee59a18b1f74bd589182f1c9d775e72,m,72,hu
745370c5d1155d4263954a56aa726aef76,m,26,dk
75bb21a8f4dd36479aabc79f796f08e30e,m,26,dk
769ae6ae7c70f74a3c9cf3552f678fb34c,m,04,hu
771485f811bef8447b8d4828ac343866e8,f,04,hu
786c0ee26b48424afeac35e341ff9a8cda,f,26,dk
7951d450388f344f86810458f665f632d4,m,04,dk
80bd924d2e4c9d42c1a3a6c25a2e9dd2c2,m,72,hu
81a9ac60c80139468d9c4bfb0e594adabb,m,26,hu
82eed5ccafa01445cdad866333527fe289,f,26,dk
8347b6c0c2a9b34f639bb3c4478dc858be,m,04,hu
84a4671412d0c243369d8c9b09ef54b940,f,26,hu
85398ffcf9021b498a82b8688c58b941fa,m,04,hu
86c4f523e2b6db4057a345ceec31cd4e6d,m,04,hu
870ace296e950041ed834e7017efcfeb21,m,04,hu
88bd2fa6a5cc7b45ef8a16acef004d0d9c,m,04,hu
89cb7ed708791f455bbce5d26227e49fb9,m,04,hu
901f3169e675d04f42bd4234c3eee509f1,f,22,hu
91cd7417637e45421c821da2e583f1377d,m,04,hu
924c7a9c1f16844658adbfe8d5d9e352d8,f,26,dk
93ad906e10d174402ababa0811669913c8,f,04,hu
94d532e7e9ccba46a1b939bb83916eb72f,f,72,dk
951823a9af34e0441e84f02d9702d48368,m,26,hu
962dd1ffaa27b845ce91ca52b3a3094728,f,04,hu
9741b536ee1d2d47f78ff2b6749a763a86,m,26,bu
9850a9168dce6a412b902cc3f784a8e3ae,m,04,dk
99e0f9a414a6ce4e95b5bba218759d02cb,m,04,hu
10034fb399c41934ac991bddcb7c35aa941,m,26,bp
101317af009684744949d4145beab46634a,m,26,hu
10220650e7e2e7d484cae829bca1044f647,f,48,dk
1031544ebe7d84e43b8b3a3c009f7b1d250,f,72,hu
104c45013bdbc51475489c5cd5bca16bbfc,m,04,hu
105ddb4195ade0940659735c003da87f20a,m,72,ti
1064d52b2c69eba4d80bdca2a740cfe02ae,f,04,lo
107c8011daca3974682b2c7a928c4fb72d3,m,48,dk
10879b2a08bef9b48e9933616aa793f5495,m,04,hu
10917ec8e2faf8d4e50bd850d3535d90dfc,m,26,lo
110a176cc07413145b98bbb2d5d779e0d2e,f,26,dk
111888b0c439191451a85ab221c2d93a833,m,22,hu
11212f6372b317348bcab5f9340e15c7c9a,f,72,dk
1139cf4bebae8564dd19c4fbff175d2dbe1,f,48,ti
11415125acf5c924966a119f4bd40e77924,m,72,hu
1151d449d94eaf84cc1a1a9642b7a6e8b65,f,26,hu
116e8da3878ca5c45b2a52897beb702606e,m,26,hu
1175b0393d41bcb4779897ea21a9a84f17f,m,04,hu
118b0ecb763341841b6bdf8888c6e7df2dd,m,04,hu
1191fe615fff80147c5b43101b4fb595fff,f,26,hu
12069f2caec81a74057b583149380635c07,m,26,bu
12120de067723944c26b5a2b84b25bd7935,m,26,dk
122bf2b4572d8e24b17b360534b889c6e51,m,04,hu
12366b9532e0b8241f286597d5514e1b344,m,26,dk
1243714aec2fb6642538730bce3be3ed184,f,26,bp
125002306c2d88e4811bfc287791cb8ffa2,m,72,bp
1264e170bf07b6f414abd9d60645cb066aa,f,26,hu
127c9d250404977455492df3ce88bfdb835,m,22,hu
1284b4b87d8bb584f9286c00970de22a3d8,f,72,dc
129539f465d60d846f19efbf2a7acf688c7,f,26,dk
130bca2a7dcfde64db5bc50e9b6a02fe314,f,26,hu
13173d668b963b446d1baa7f9c829b02c4b,f,26,dk
132761952c7ae484ff4add932e4b07185cf,m,72,bp
133d0c1e95fbaf74c33ac8dba3ddc813d78,m,26,hu
134d9ce468c0d37468c8a75fc8163701b84,m,26,hu
13588c15c08a216496c8c9d9d24d23e01a6,m,04,hu
13681288c24621741bdb70e21beef0eba6a,m,04,hu
137cfa0332217d44d42b4fe03218b759bf7,m,04,hu
13854322bcb789f4447846aa67c5ecb4e99,m,72,dk
139c199eded27a94f58b8d147c5c2ddf3f0,f,26,hu
1402471b01aab004ce0b07926871553aa39,m,04,ch
14172e067484837465b9639a20e0c72ef21,f,04,hu
142a6a5f77702f542089de731fcf8f0938c,f,26,hu
143e6e35257e6f943a198e5aa620892cb5b,f,04,hu
144a3242ff91db34917a006fed0f9e65f2c,m,26,hu
145f686313359f64893a81d9e5591bdefa2,m,04,dk
14655e96e9998ff44e6828f6539aaf0b16e,m,04,ti
147db15637f42e649a1967e0fcf5a6e7e93,m,72,lo
148d9e47c3dee6e47e3b8a9eb5106115208,f,72,dk
1498dabc38064124a2c820f6dc1c6f31c3c,f,26,hu
150fc9551f397eb4898acff2285913c4267,m,26,hu
1514be65232e45c47fdad7fc5125492d4b7,m,26,dk
1529dde5632e8d54bdb998879207b33fbb3,m,26,hu
1533eb998c9d0234ea38ae679e2f0f72ff5,m,26,hu
1543b77eff52e624030a8d34b1567f2e1b6,f,26,hu
1555919f15c81624b0aab80f92cc719cfe5,f,26,dk
1563fe65a627577499d825906064e239d4a,f,72,ti
1575a290e9f30b349c6a7cef9624095a356,m,04,hu
158083b5e06b8d245bcae061ec6ea0332fa,m,72,hu
1593c84114b51d7490ebecd3a4f92e7e7a4,f,26,lo
160547f2d0919ce4c23b4e47b0d6cc183af,m,04,hu
1616c7abc80c97148ac9a920b424965292f,m,04,hu
162184e406cd5f74e2fb9bcf77b098ffdac,f,26,hu
163f13f9b8244d34be49ebe44aed97026a3,m,26,ti
1642595f9b23dbd48c4a9b2f29620c55e06,f,26,hu
165fa55d5e46af24f4a8753189f12a99d7d,m,26,hu
166ca6e110b4ade4f52a6c10b16e0ef7d7f,m,04,hu
1677ab747f69f9c40bd9da497145cac5887,f,26,hu
1680dca831d60784acf9b179248af23da98,f,04,dk
1696c84025bcd634086982f0ddd34a58fd6,f,48,hu
170097bbf1b7144495f92d9b0e20d7a21f2,m,72,dk
1717924ec4f07a24704b593da48c2406a0f,m,72,dk
172c7c7b2798f9043c19066556921389b57,f,26,hu
173ed66ad4919a7471baf2d057e1bd431e3,f,26,hu
17446a554b7b03142079fe7f6b18dd64d6f,f,72,ch
175be093ecb1d6349ec8faecc765dc9f976,f,26,hu
1763a5b99649ec849e1b62162d620c22784,f,04,hu
177b8e909b32bfc494098b2a3bda1bfb007,m,26,ti
178ba700f2e52db45c8a93fb468dd06f951,f,04,hu
1797712b576fbd14026b2816a1f891b9119,m,04,bu
180a35e476b2eb64cb9a9ae713bb38489ce,m,04,dk
1811eb11da9bc134deaa16da68fbd902578,f,26,dk
1822fefff2869524674a2b5c6f5c983ac86,m,04,hu
183d799e591a5614a82a9fb26b9b848b14c,m,04,hu
18474afb896af3843009cce07ea27b562ae,f,72,hu
185ead34789e3114b6187a05a7e02fafce0,m,72,hu
1862143afa20c3942d2b5bd4646f8a08494,m,22,dc
1874cdc395360e946f9bbcedc23c655fe86,m,04,hu
18804eedb070c194a449479cfed5b62d8df,m,04,dk
1895cc9eab368644091a185e424390a9243,m,26,hu
190aeb93bddb3c8488c89c76cc32469ebaa,m,04,hu
1918c3f30c0b2ca4c5e8eaa96f2c61c0603,f,72,hu
1921cd471e0a06749fc849a7def13248649,m,22,dk
19378c97e8f334f4d4582b5d3913e3ecb40,f,26,hu
194abf6442036ab4053b14ffc69570f79a4,m,04,hu
1959f2b9910c3944309b88ec27f8a21f761,m,26,ti
196293fd1d154294b87a31b42dd0cd99d55,m,04,hu
197d358fe20880c4b95aa25b184c7e97700,m,04,hu
1984843078f4f844310a1f09573652cafe8,f,72,hu
199dc8f41c50a3c406280fadfef9bfa82df,f,22,hu
2005a81b5779bd34d06a108df8da88b8845,f,72,hu
201e586facf01924b26b251fd9f0b23506c,f,26,dk
2029153678139084d5a83fa5589412c688b,m,48,dk
2034abca563447b432bb18dcaf1e3ab5b3b,f,04,hu
2046edb19366ab14539be255d7347477e4a,f,72,dk
2057676b0ff7a0a4c98b8925f3d125179e9,f,04,dc
2061d4445bc237142b4a42eb4368753d7bf,f,26,hu
20736e9a9c500164c2dabfbe77693d66d4b,m,26,ch
2084fba97d6031b40eaa3a182ac2ee19557,m,26,dk
209f8d2e05af3bc439a84398fe1d645f8ed,f,26,hu
2100281ddb0858b4668897093bf4fef5b16,f,26,dk
2110322bcf9eeda422187530c3bb82ec8b8,f,26,hu
212d0b158e4ff0e471cb3e42ecbff0d7640,m,04,hu
2137b945c946ce84aedab47e2849bd40d82,m,72,hu
214f2af6c61ce6642c4887d6f865fc367c4,f,72,hu
215bb8ec990b2254d0d927f4012b1d93cda,m,26,dk
216d6d78e25e8fc4f54a78e5cd12b19e6bf,m,04,hu
21733b3191b9f424a6c801745980d6508e7,m,26,hu
218b0dece75da654756892389f9fdf51de2,m,72,dk
219fa863719659f4c0cacab3033d880f52a,m,72,hu
220d09d6422f5114f57825f8c77c9bc9bf9,m,26,hu
2216c34639b114647ce857cf6712ad6e1dc,m,04,hu
2229cd52f2ad57047a0891d47be65b8b7d2,m,04,dk
2239fd6e92c1f4f411f99aff010f637ff0a,m,72,hu
224c18731c9be874931bc639b1857b7d4eb,m,48,hu
22588d98c5bc1074ec2930e39886e89beb2,m,72,hu
2269c94355ab1f741c48deaac47f9f510cf,m,72,hu
227c161339c2a0045bca571941e9c942b3f,m,04,hu
228cfb712f2f66b4cf0a562124d4a6652e5,f,26,dk
2296e711289f6b240faa5d14390d4a0a3a7,f,26,hu
230d60430cf5fa24b56acc291b890156710,m,04,hu
23155f2a7eff49e41b187c5f4d41cb687f6,m,22,dk
2325d25806c38ea4f0da2e252598161fa7b,m,04,hu
2338b2aecf0a8c84bb4839bbd10d6dc35eb,m,26,dk
23451a301e6534b4da79b0d565c5eb2359a,f,04,hu
23556c7ccf42070473db3f5947c1b9904fd,m,26,hu
2368623d6a3209a4d54814450183a0f4afd,m,72,hu
23777f69f45461841bebf5b61606a359464,f,04,dk
23840890dd6af2940578bdc9002102c0f3d,m,04,hu
2394f7085d077274b54b89dccf124b6d47b,m,22,dc
240b527bbe994c24943bc7ae0fe9ae188bb,f,04,hu
24179e8400bb2f24afcbdda7707e1289832,f,72,hu
242b7a39d5b48554df68d0b6f01be0771e5,m,04,dk
243f381313c631e40519e28ec7af19771c4,f,72,hu
24466adec4675f54d59a09aba9e8184d5b8,m,04,hu
2450a5212a161ed44b9b2ffc3fc55871ce3,m,22,dk
24699d79b3e569c4e8485b0bf269920205f,f,26,hu
2475422e2b755c547ab9b18ab15258d19a7,m,72,hu
248ec19baa9799f46da870f9b3e84d11a31,m,72,dk
24934f89c9d70104d3dac2fa3d217b742e5,f,22,dk
250d36e1add388a4795a7d7bffb2858e596,f,26,hu
251a091f051979a441fa54014364a19bf88,m,22,hu
2528a33b000696b41a5b28da2b3e2aa1b88,f,26,dk
2534140b39ee34640b7b5e70b926f461fd7,f,04,bp
254f12bfcc290b143f9a47ec8e6a5b9632e,m,04,hu
255a541c8aa0436470da2654815c04f1332,m,04,hu
25632957e150d954ceeb2a7c6386eaeec9c,m,04,hu
2570ea3a3abdd744c24a7162d86415908e9,f,26,ch
2584f2ebe0e1f584e32b5caf6340acedfbb,f,26,hu
2592e0c244840dd46c09607c5c987a4e87a,m,04,lo
260bab070c1e02d46d7816f86f970e69629,m,04,hu
2610f8bff700c4d40b89464963a0ac705bd,f,48,dc
262f5d723dc44a6491c91411c9d72ed6e65,m,48,hu
2630295310c71414724a328183e999bad54,f,72,dk
264f4ded41897b64f62ae3801da7f7acc08,m,04,hu
265a2ecfc9f76454f209d230f1e19c22ce1,f,48,dk
2665052bb8def68419793fe571a18dc2ec4,m,04,dk
267a9eff75877c146698c81b090b612d771,f,26,hu
2685c4c0a40118c4c6789c2b7a93abc86ea,m,26,hu
269bdccbb691ee6468184fc560a7f44f2eb,m,04,hu
2709b31ebcf077a4940a5ee7da531ccf081,m,26,hu
27141fc2c65247948168ff9d08a45771f2d,m,26,hu
2724871a3b1453b4a8aaf19cb74a43e201d,m,48,dk
273a3af399f0a844ec08a4789a75c44eefd,f,26,dk
274c16b7ef2fddb4fda87ebbaf9a7948bbf,m,04,hu
2752ab52bf7bdd44f918694e8e119228103,m,72,hu
276d7dfc003d6534e1c9a07bf963cff60c9,m,48,hu
27734ce486426374e6f8a2f227e721f3f03,m,04,hu
2780151811632104509b771bb4a9b411651,m,04,hu
27930708024d8774469b472becf9b16f0e9,m,72,dk
28093e1239bf9dc4129950b24d5590d035a,m,72,bp
28180a91f64f03d45d484fb432f8efd505f,m,04,hu
2822fd98611d350406b9c8c6b9616bfd923,f,72,hu
2832210f5d4afef41dd8d686aefdf3a474b,m,04,hu
2847aa2282576b747879ce7700e67b79a46,m,04,hu
2856434d70fd5a24b74a53b66b8337273d5,m,04,hu
2863a04a87d507b40b299759d38c15d7a0a,m,04,hu
287b8d3fd933ecd4e32a7ce6931cd17b7c9,m,72,hu
2889cfc0f1c82244d62ab80d2a6ccff52f5,f,72,ti
2897e58c33a49514a31a26f5d77267bd4cb,m,48,hu
290358fe90ba4e64c5ca9e021cc60b374b9,m,72,hu
2917df1acf589f7415eb1f2b2bbab29f3bf,m,04,ch
292e1ab3dc0995c4a7cb0d3827601eab65d,m,26,ti
293b029ac14330e456b8998f655eff9a14c,m,26,dk
2941d6032d5f3ec4b50a61044d2d1442755,m,72,hu
2956709b8e96b0b47ba99a1650ef304a685,f,04,ch
2966b75133574214a1b87013cc35bf1bbda,m,26,hu
29760e943a14a6e413da0c120cf9185aa65,m,04,dk
298d72a934a6c034580bf80c3ae82bda9b6,f,72,hu
299b09aa75224f6417299154d1950d433a2,f,26,hu
3008bac72f0c7f74fa68ba27d6b9aa113fb,f,26,hu
301e408c206d8e144b6bde3ee16bf209936,f,48,dk
3021830a115d7354b9bb98bc09ac8027388,f,72,hu
303eb4086f3c91543f49ece50462966cb52,f,26,sc
304ecbe3cbe2f654a9fb6e55964dc4ce689,f,04,hu
3052e02d95e9a90497bb447521b27bd44fd,f,72,hu
306a841e78397f64c9496ba76d34af7b666,m,04,dk
3078228a65fbbc44ebc9d4bc1ea4f230cf6,m,04,hu
30870c50f0912cd41ad8c7fa4e9456e12b7,f,26,hu
30943804551d47648a6940fff40e78fcf27,m,04,dk
3101d711ab835cf4d558e132bcce6995895,f,26,hu
3114f1e30d6a0cb41bea47bb9c246362850,m,04,hu
3122ab3981af5284b2ca956b16855d8a554,m,26,bu
3133456f93191254278a348c3019b6f7597,m,04,bu
3145a4d13f706564c4dbda0979f278f197d,f,04,hu
315a5a237b6f64f4ad0bcb961054bbe53f2,f,26,lo
316a874cefc4d004937b7aec2f9eaeb0497,m,26,hu
317eb3776fb216a478da351c5c893ee1510,m,04,hu
318ac064fe06f2f44e9a322b22581283e7a,m,48,hu
31924fc3a2878794b138ba66082f6d958b6,m,04,hu
3205fb00dfa08e9435e87d9887267c9145b,m,04,hu
321080a0124d42c4801913875cd6348ea8a,f,26,hu
322db1e73907ad046328ac039a706a0b6e1,f,04,hu
323ab7e33b8cd794f73b6a66b9607e657c2,m,48,hu
32434a57f8233a84f23b522ba36cdc423e9,m,26,hu
325d76a8f7612634af19a509b10d8b17112,f,26,dk
32631e63e516bd040ad951f7c832579b3c4,m,04,hu
32769633ac608494a43aaf12de204b4d618,f,48,hu
3288c75e27dcd0440daa47c3a305815428e,f,04,hu
329d5500c907ba54fedafa3bb5e0eb0a05f,f,26,bp
330753e9c24b041478b8aaab63bda570021,f,26,dk
3312d3c399060cd47008e88fe5b85de88c1,m,04,hu
332159074a006224529b31653c9d2db4800,m,26,hu
333437d5f9a8d5f4b54a376c2921fa4ce3a,f,26,dk
3346af241248bf34779936d0b228cbb2d7c,f,26,hu
335e41b0595a9784bc38390fbb00f33e110,m,72,hu
3364d4f67d4bc5b4142b7ff3399322d90c0,m,04,hu
3373f8014ad75b549d192f54acbef8c502e,m,72,hu
338e972c87e3fd642c894cd70c898e8ae4b,m,04,hu
339d7417d5f09274dd4a6afe38ad820fbff,m,48,bu
34022c2ce6ae3444f81b010213f39290899,f,72,dc
341565592390c484391a7b7c7f7a1a7f7ac,f,72,hu
342c3e741305ea84cca9dc4a7cc394d8eba,m,04,hu
3438184b9014b8342e79e9be7e7b6051d70,f,26,hu
34456131420c99e47888990f67744827545,m,04,hu
345ef9155149cc146e7bef46e25902ac2ad,m,04,ti
346a034aa3c45e1417eb6d87e77a2fe087c,m,26,hu
34791b2a15ec02047b2919d7effd003ed2a,m,04,hu
34869cb44a950b64dae8843f3075cc14a5b,m,04,hu
349c398a533f5734b15b268f63f647837c0,m,48,hu
350b41b65b594bf4efba67b5f2070abfd61,m,04,hu
35181c77d94c205454197c0d08ce93bc3f0,m,04,hu
352fdfe3d7db9774b93aacd522c1d394262,f,22,hu
353631970388e43472688f981cd4df11528,f,48,hu
354cb9447ee3e204a0bb1f4669accb92233,m,04,hu
355e35bef35ee5248f184023630cc727634,f,26,dc
356a31b95a3c00b4f70b2014ef4286c9590,m,04,ti
357fe42dc196dc54405865e7c34e015b683,f,26,hu
3582faaf3dc02184ca1b4c05518d1ea367c,m,72,hu
359ebd6a79cac514dcb9a6abf478e8a9156,m,72,hu
360c6ebd363d6d1463796e5da193c167811,m,04,hu
361cb82a3d052ca4bdd891da2a70d4a207a,m,26,dk
3622e93ed0dec0b4c40b2135f2e15a9fc2c,m,72,sc
363af266aa3ebd34dd2b4b02c8ca176b73d,f,04,hu
36478844ac1cab340478231d00bf15130e0,f,72,hu
36512206840ec3b4f99927dd21de09d9f49,f,72,hu
366f46a2155b9c04d80a8fffb6763774d55,m,22,hu
3673cab07fd98be47949c0e114648c97f6b,m,04,hu
368f1ceb00db8cd478f8ed933a5d5d322b5,f,48,dc
3695cdbb79912664dc0824a0f3ffabd265c,m,04,hu
3707f794479d8e04eb7b0470c9b54ba8736,m,48,dk
371a190a2671cc1470cb7f4059cbf1592b0,m,04,hu
37277a27e07bd4343e7bc70a4148899f47a,f,26,hu
373d195723a9c2846fd93aeedfc04916175,m,04,hu
3748f3a8d57e93c4929a63b544b574ff1bc,f,72,hu
375fcb06cf98f634bd6b19c2e832a6c79ee,m,04,hu
37638cd4c6f7402420292bf15363ecce30d,m,72,dk
3773e680153304a4fe99dc1bdb923aa1ffc,f,26,dk
3784cc2e877c92a4d3eaa29849ba3cace03,f,22,hu
379c11ecea6f8fb46ac99b41b7283b8531f,m,26,hu
380851a7a4bca374bbe9257e1f2af56f9ba,m,26,hu
381c550ae0b1fad445ca228cb26c5794037,m,04,hu
3829cf4596a65814db18a70b8a3b3ed2093,m,04,hu
383712510316844466a8369351579686c1d,m,26,dk
384999c7cb65cc644acbd2c9382c63a2974,m,72,hu
3857020fdd17f89496a90cf67e9db4332a8,m,72,hu
3861702fd7f78a94ce49eb4d367cef67323,f,48,hu
387a230ce03f4e44071b65ba14777ebc9a6,m,26,hu
38885aa8bc1da0a4076bcabcd75a731ea03,m,72,bp
38999294baef9504f689506de0c8af66fcc,f,22,hu
3905d10d267d1e54a3a9bc5a99ed78a05b2,m,04,hu
391d138d653fef94aa08918bf25e750e65c,m,04,hu
39259f96bc236cf4ed48759f6a4e5f93b8e,f,26,hu
3938efc6a5b6a404f0f8b2d243ac0cf985f,m,26,hu
3943df315273cc1494686cb7dd123fb8f30,m,26,dk
3953b6002af077648499b9cfe1f3b2a3378,m,04,dk
396ccdc6561162347d2a54079d444e435d8,m,04,hu
397d39fe348d97a4a9b906d42847f5db727,m,22,dc
3982757b8c6eb7645fa99f81ba415890e0b,m,26,dc
3999c0e5f9f275a4d36a95253d9f3a5a2c7,m,72,dk
400099cc30cd3e4475a8139f5064afd1b2b,f,04,dk
40107584e9ab4374499a08084bf364ba135,f,72,hu
402ca84b428184144d68314ff88573a3bf9,f,72,lo
403229912a7eb7e4e1f931f3cbec443b827,f,26,hu
4047a7fec13064f427c805018f5b3414e4f,f,26,ti
405694a99371b4044dfa5b65f411dfec600,f,26,hu
406a79ae3655b254c1184de5682ecbf910b,m,04,lo
4073345986c04914b27946ef21359494918,m,04,hu
40880436877af884b409cc70c9582a77afa,f,04,bu
4090e18a4524a4649a2a01bad7341ad77b9,m,72,dk
4106bae224498d5458ca160bfaacb761ad1,m,04,hu
41176d07c35f98144a082efb41733eba8f6,m,04,hu
412e808f16fcc44472abd3754c087b5ece9,m,72,dk
413689114cd9eca426cad3428f98bf88205,f,04,hu
41495514c50b295419baea616af5ac88e73,m,04,dk
4153422c8d2bfc946fd9511554049accf2f,m,04,hu
416584a89dd24e640c097fe4dde16e4008e,f,72,hu
41769da280189c94efe9b093af04a2ec47c,f,48,dc
41806b699ba94ff49948fc65ff250e45ddc,f,26,hu
41991dd630d9cc34f3e90d6df86658322ae,m,22,dc
4202e483818096e4837969a4a800243d234,f,26,hu
421e5c473633e334956a552f0fcb242ae80,f,04,hu
422944b2e4c78894b39a08bdc3fc5e2044a,f,26,hu
423e58e9107c70745918cd83b31f2b2ea16,f,22,dk
4240c1167384d3a4f5d81d9c11229c53f45,m,04,hu
425c8b62991470e4728ae1ae2aa8474ecac,m,04,hu
42663c4de0799914dd68164b853b05a916d,m,04,hu
427531d91c835614b33b83d90f51acb0eae,m,48,hu
428a99a179526d64ed9bf14bc2d0dfb2f45,f,72,dk
4297fbbe120e67b4f259aedc5e6b84dabec,m,04,sc
430890b3b0ebe354c2ea1b3da599b49f6e1,m,72,bp
431d67395830b9c4a6eadc324afdd98b413,m,26,dk
432025ec85dac354d66a05e497606ad2249,f,48,hu
4336ed8108682604b31bfea774718558558,m,72,bp
4340d602e8365474157b032eb62cf44b6a9,f,04,dk
435d0711c8229fd483689986b523cd3b084,f,48,hu
436298483f0b1024c38945038032a86a6e9,m,26,dc
437e3d0bc31d206422d9b394d2a62c5284a,m,26,dc
4383789def0fbe14d18bd6658b544e8abde,f,26,hu
43989ab40d466f14294be05d94b06b1861f,m,72,dk
4400968057b6c7a4b0e8183739237c0ce79,f,22,hu
441038da59dda3a4432971355aaca194f26,m,04,hu
44244dd13eb3d8a491db0f184aecac6d6f8,m,72,hu
443c29a3854b237404faa6ccf00a68d90b2,f,72,hu
444a1224ae78ce4447896c4dce17f8beb33,m,26,dk
44560f9cf0c3a8b4cc59fe632094bf5731e,f,04,dk
4461b677b1b228247648240c560c96d9a26,m,26,hu
447e1d4d12765434c70b178a45ae4982f16,m,22,dc
44877402554cf504b2faf3aa2d492561f26,f,72,hu
4498baad3e7185045b6ab574f9f193f3776,f,26,dk
4500574e166ae12452f9ab811d84354e3e3,m,26,dk
45162d71f8a546b4488aca7cf43ec76c3d3,m,04,hu
4526f810bd633ac47c39c29eb2cec2c3916,m,04,hu
4532dcdddb447b14cabb420af722c04bcbb,f,72,ti
454f2604758d99e4130b4b7fd17914663c3,m,04,hu
4555d5600ded89d47ac85fd2489e27f3caf,m,04,hu
456b3c7a6f1d0ed4939a65a7b9546660145,m,72,dk
457356c3ab9853f494ab3c5c96ae379f18c,f,72,hu
458feb7fe1fadcb4308b11c93dbc184a7c3,m,04,ti
45924763bd0790645cab91fa3d16aad34f6,m,72,hu
460ea062f91ea0941bdb1e261623984ae2e,m,72,hu
4616373bc4c1d8c492fb2c198f367bf01ed,m,04,hu
462bcb86250ec99431198ca909a4ef0ce3b,m,72,dk
46397d724694f6c4bd291013a365ff84363,m,04,hu
464b939ae04f35f467c86f51ae0922d4921,f,48,hu
465a4cfcf2aa9544554a955998ed6afa190,m,48,dk
466def607a21f4d495b8f5b7b7a4ab1d93b,f,26,hu
4674bbfddd9edc34ca89baad4c692aa7ce3,m,72,hu
468d9aa725ccc064dd3908dbb3d17ca5a68,m,04,hu
4699502958b31c84a628c7136c2078132dc,f,04,dc
470e97f289383f1437b8eec989347930a03,f,26,dk
4715385a622de574298b60023a933f85276,m,72,hu
472edd6161b637548dfbaeba1e97ca4ed01,m,04,ti
473bc47f895eb5d48e18024f1be838baa9c,m,72,hu
4747ec2ed6392104167bc47a688163f8e2e,f,04,dk
475138e7078d2d24c88a3714e912100692c,f,26,dk
4760c32a5a4ae644f20a145658ea0811881,f,26,hu
477d7aa61ecfc8e4203bddddac626c14cf9,f,26,ti
478bda296d1091d4929a90ecbb4aba0662e,f,04,hu
479fb78726ec44748f3900d20b39fabc28d,f,72,dk
4807c68c2b7b3fe43c29c04bf9522099f88,f,26,dk
481ffae2cd05bb64eb8bf2db3307c721c0a,f,48,bu
482fbe66fcdb9ed44339901e3454b11902b,m,26,hu
4835e98d53c812141d79f18c482eacf4765,f,04,hu
484ad77f8c5b4fb46708ceb13970190b0b5,m,04,hu
485e31adff9219a4862b650fae274079a29,m,26,hu
486ff29790beb4145f88a86346d9b32d4ba,f,04,dk
4872f073fe007cc4e21ae5466b917f501ae,m,72,hu
488d36cb59fb02b498ea0f77dba30293b01,f,04,hu
48986400de3d28c4c0f8aa14005a032f583,m,04,hu
49036537243846a49c8b689658598e1d55b,m,22,dk
49135f2b3f3b5a6412bb22062b4209d27fd,f,26,hu
492ac7b8ed2dc9b4b2ea041302a60471191,f,22,hu
4938d21845637df4c0ca4534b0a7b1be331,f,26,hu
4943da8ba0b38d6425eb1e2481d36025008,m,26,hu
495d1ed615c64694604b0c74df581337d65,m,26,dk
4963cca7e963f554607add3bae7e46a6884,f,26,hu
49776da0b309c074ec199eb4ac31aa07e64,m,04,hu
498ced74fb064f64607bc4343f90211c77a,m,04,hu
499b3f419bae9af4c64983022cdedd49b34,f,26,hu
5002364f7d3826942cf9a68975422bb0078,m,72,dk
501a7d88400fa284a12a0626641f073fbfa,f,22,hu
5021401b16733024693aae748b033af42f7,f,48,hu
50398b7dfaf8722482ba04be78a5ccc87bd,m,04,hu
504b960dd91a8b4418e8cda8c5b995fdc0c,m,04,hu
505a2f3f858e64b415d8f729d9e7737efba,f,26,ti
50610a4956d33774036aab72e4bf369e7f6,f,04,hu
507d95f4215f7944a5fba57eee6da7356fb,f,26,hu
508c014790bde0d47b68a88579c798a3c6d,m,72,hu
50918be46f3e077426a85aa35a917ddf839,m,04,hu
51024232b1bdc6d4c7e8a468049fee03a32,m,04,bp
511892a13e19d5e4f16a36d11a0d496253d,m,26,hu
5127abab33ff022422d969ab89a87cb148e,m,04,ch
513b4c65469a1a04359b86f697961949b73,m,72,hu
514b03d29f648474df6864c3445f3e3bf7c,m,04,hu
515e7427490565840b2ab6a85c66d04a53f,m,04,hu
516b3213dc33e144ef69fdb44ba86663e8e,m,72,dk
517e00cecc7fe084b728311a7c629edcc13,m,04,hu
5185788523e38da46be92fcc77f6474979b,f,26,ti
5195c59c798f6a84460beb9d1d07c271607,m,04,hu
5204642ed6c69204e1988e71680e6d7d772,m,04,hu
5215fc90c41c98049b7922f8cde21dc9cd3,m,04,hu
522d606512330a64074927e591a616bc0e2,m,04,hu
523ca0ee6e5ccd34079ab5fb3652054c334,f,48,dk
524f85d563903b34e1298a92cdff0093773,m,72,hu
5254b834a3e686241559e67946e8171758c,m,04,hu
526f4fde4f1a2a24a4d8350b1941e256c1f,m,04,hu
5273716fe74de694012bf9a8615ed580dce,f,04,hu
528d5d1af05ba294f99bd3297b8db6b2840,m,04,hu
52982f3b9d8a410439f99ac6cc7537bf3d5,m,04,hu
53052cd5e18b92d4b1e9d89e9ba864a34ec,f,72,hu
531e7d5889292ed42f28049dd3ab3828672,f,48,hu
532b8ff54c4983a4de78eaf26c61ff6dcf6,m,48,dk
533933909f43a504b8489088c64521dd16d,m,48,hu
534407fef2377914a06926f085a139a3fa0,m,48,hu
535238194a5fd1b4a4e854d27d818f7bfd1,f,22,hu
53685a67cb59c2847ad9307cb82718f7941,f,04,hu
537f15e71f14b5b46e7958ec6ec55db8574,f,04,hu
53854978023ea1c47c6911f2313f2958b01,m,04,hu
5391e7dad791bd34178bd509b32749343ce,f,26,ti
540fce3a2f7385147099cf14e889df6afe8,f,04,hu
5412796d47f524546d3915991143ba3fc0e,m,48,hu
5425a8b66ba2b6241a689c5a7780cdf15a2,m,48,dk
54312adf11a896b492d88b5cfec0d9b7d25,f,04,dk
544ff0ab0e8d96c45749e71ba7da5572d1e,f,26,ti
545ede04e63c721490592ca66ed09365adb,f,72,hu
54667748475aac743eaba9cdb4cea8a66be,f,26,dk
547ad94e0a93f76487f82fc5669bdda6be0,m,04,hu
5487d3e99bfde8c447db4865b2cb8bbed5b,m,04,hu
549b8018b3a177746cc9a2dc4a359de80c8,m,04,hu
5504ac14fc7c2934966961bde90e0a4ed2b,m,72,hu
551c4cd0651e9f24aeda6e1a47119c78128,m,26,hu
55290dd0cf40ee04ec9a310cba51973f8a2,f,48,dc
5535ca45a8fa80e454f87b17ad58c56d8bb,f,26,hu
5544c38da39361a4ee8a680dbbaebd42c65,f,72,dk
5555b42720a41a04985891e452bc3c9f806,m,04,hu
556de27087d695949508d34fd88b3b54e86,m,04,hu
55736a8484790da4b12af5440a2053233f2,m,72,hu
55843afcd65bb0e4a44ac585546ae4a6895,f,26,hu
559cfa794d37bab4f2a98e04b60566c3569,m,72,sc
5602cf913d4424343cc862b898c812a0dbd,m,04,hu
561f923d942a8f34dd08340454ca8a00dbd,f,04,hu
5625a252b2a7056491ab3a69d13df6886a1,f,04,hu
563f02819beaf5340bc94ac56b500d92e75,f,26,dk
564023ebe7674b241a6b5d830e3de093de1,m,26,hu
5656d5c779372d84cd6bd34b4b2ee68dd41,m,26,hu
56699fe543219444e6a8bf84628aa768d3c,f,26,dc
5675dbceceb1f5a456293102cd0779642b6,f,26,ti
568ef5e65a090f2435fac35f554f692272a,m,04,ti
56983905b6b6b2c4a93829f091a263493ac,m,04,hu
5709f17e4e885104951b268bb384a49fd55,f,72,hu
57136c0ae5e190f4dea88e494b3a2cee057,f,48,hu
572fbc92fbe279a4c529717e5e04f359478,m,48,dk
5730c048a2fdc6340218320e8cabf4e8dbe,m,72,ti
5741ffca9b0aedd4a7897ff0213854e8665,f,72,bu
575f4250c2998a0434e857602dc93df50cd,f,26,hu
576ccc13a176d6b40d2bbc62bc59639070e,m,72,hu
57763d8545f1ef34a3d9cbf747e88edd475,m,04,hu
578ee9f64bc3fe04ef494f33538f614ee7f,m,72,hu
579c2da0d60b47f46c1aa25cfcf68b061b5,m,72,hu
5805a05584a3c6640c7a86b08178f93d0f8,m,72,hu
581c71184e2276248419ad7d29094fc9c9c,f,22,hu
582a87f3356ecc142e3a8d336c175d3f37d,f,48,hu
583acd9c5ae03c1423b83e35a3815d7b269,m,04,hu
5847b8e064b1e0f40b4891eacbc4054df7c,f,72,hu
58577a73dcff208475d9e5d4fb3baa9552a,m,26,ti
586972ee64e3ac2483eb8c58e92309bd597,f,04,hu
587cf404840a5f64c25bfb28e83fe2ed6c4,m,04,hu
58818e052aef6bc4d1a85246051eb9f9457,f,26,dk
58984b9282944ce45599001615a8832b998,f,26,hu
590674c9353d848458493871cf5b9dfaed5,f,26,hu
591016f33f60ca145258e38db54e3acecdb,m,72,hu
5929aacc1621a0d4f609912a471b306a6d2,f,04,hu
59382afe304ca8047f1a4db62c996e00776,m,72,hu
59454bc340bf1074f2d9e33f7cd259bbdfc,m,26,ti
5951af926c8d84042be99b41dfcec0eb8a4,m,04,hu
59604b01a97a5ed4cb6926575318a3f8edc,m,48,hu
597c6d591dc7fbb4c038c89efa42e18ad26,f,26,dk
5987c29dd97f5dd4b7b8be9c7109fc7efc2,m,04,hu
599d76743b98fa946418228bfefddb59e28,m,48,hu
600e89c47223cb94860a010d7a568d2a415,f,72,ti
601b89d18b64ad241c18bf1975dbb070a48,m,04,hu
6024576b7c8cdab4db58e0741a5cd168243,m,26,dk
60394f7f1f4f759456291d4b05b8ab06d0c,m,04,hu
604f0849721806b405f95872703adf9e853,m,72,hu
605c55f1bf00e224b2881a0c28b6fd34995,m,48,dc
606bef453dd9f6b4a4a9171452522ab0dda,m,04,hu
607c5347e4cd1104561b20d6b96c911ef0e,f,26,dk
608f7ad30087b4f4e27b3ff610697537820,m,26,ti
6099b3fd2e5d36e4f819c163aba0754dbac,f,72,hu
6107f51197b4b2f48df947070757e860472,m,22,dk
611a9e90b96bac84245bce7bb2a030fdf23,m,72,hu
61268ea18b1e9684dd4a7a102c9c6c49f4b,m,26,lo
613e28f6f19fdcf4ed79469f2d213c5b247,m,26,hu
6142d0485fd9bb643a8987875374761e9c7,f,48,sc
61520f73f5b3bee4336b1a961a9da3d7338,m,26,hu
6160f3d8f86b6254ae7900d6696b9796367,f,48,hu
61709bd5dbb0fe44cd7aa677be6fdb989ff,f,04,dk
6182f2027a8c1764b13b9d17d5f3fb968bf,m,72,hu
6198c932ff02b8249408b0414d94e9b5697,m,26,hu
6207666101ae60745029fc85519ea11fd27,f,26,dk
621607fed2b0e924695b291dcf6a0995577,m,04,hu
622792717b076844342829f9891889b992c,m,04,hu
623e1202a3b98bd4f48907701b50c070991,m,04,hu
62426c36850493a4ecf8c3efd74d595b7a8,f,26,ti
6254f75dcd73aa147b8abd40e4769eb65e2,f,22,dk
626d55a649b9b4a42818256f6f1aa008c9e,m,22,hu
627b7122e0773574dcf8d0c7134731d4e6c,m,26,hu
62827a579c215b148ce878f26eaceaf539b,f,26,dk
629a0990ca60d514d9c9799a5f47d051134,f,04,hu
6304c40adb13e9f4db19615ad64c20d2562,m,26,hu
63147a1418c75b049fa831fd235473ba24a,f,26,dk
6324bfa9b1dda164423b3c9b33e69064edb,m,04,hu
633ab59e38483a247f5a4fe84f769ba3e50,f,04,hu
634d834ca56706d497a891469ce4fccd17b,f,48,hu
635fda3086e2cef4a17a34cda39fba6becd,f,72,hu
636dbaaa6e6533b4d9881322304e8065c4b,m,04,hu
637902cb526177d4057abff2269d48fd7ca,f,48,lo
638e7a3892959594771aeef6d32a342c23f,m,26,hu
639005812913a3b4cd09e703328b93a26e8,m,26,hu
64049ab9ea3d6db4c13a8928a43d2b50883,m,04,ti
641b8d75fdae9304a91bd7c9b20078dc03b,m,48,hu
6425483285a6cf14bb5a6946afb8348d343,m,48,dk
643c0c97e3ecb7f42698d8fea047216954f,f,72,dk
644d02d06fa95f848f98234cea886c92c78,m,48,ti
645fe549d941c3148c7bfa9bd5088784e4c,m,26,dk
64672f3a2748fa2418199378efcf831f910,f,48,dk
647354dcc24b4844e3b94b994c1d1188790,m,48,dk
648e939fe0622364878a54f932eaf55508b,m,04,hu
649976489a3ccec49dfa6ee59cb72c30269,m,26,dc
6502e062086b6354b49b54eb7edd7dad285,f,72,lo
65112d68817acf644388e55a14106bdf52a,m,26,hu
652d30a7c44e0e14befb67c18f350902123,m,04,hu
653e1e27b8392c1430f9a4b3bd3cbaeb7c5,f,48,hu
6546807fb392cd846b9ab3796136575891c,m,48,hu
6557f3bea7e91704198893ff1eaecb73452,m,04,hu
6565cc6aeef61804b129b1a5c7ebb0988e4,m,22,hu
657389969b40a364541806e5214a82139ae,m,04,hu
6583f74a1af8b5d4034b197814dba42aca2,m,04,hu
6599803d4f7fec84bf4a283191965ec32da,m,04,dc
6606ee8d83ae69e4e449f3d8164728e7827,f,26,hu
661fa089945687f407292eabc11d4fe57e5,f,26,dk
6624183da5006dd45adb9458c3acbf2c86e,f,26,hu
66301669166a19b46b089ff2f9e6371f3c2,f,26,hu
664a38abe5da261475388a13ed77bd31542,m,04,hu
6654bac80e656ca4ce58677a0d63db23b27,f,04,ti
666aa2dc9d0e3024f8f8eeefad6f7fef471,m,04,hu
66736d62563ef7544f58fcac5c3b56a3a30,f,26,hu
668c58a851e84d84c20a578dfae6e402f01,m,26,hu
669bb29640da11e40d3a54559ed03dbd247,m,26,hu
6709248640239f1459ba4a25ebd0bde059b,m,04,hu
6717bd326f81c9b4a53beef2b9922fa236c,m,04,hu
672cd6f645730d6442f9b1851a7e360c1c3,f,26,hu
6738068aa8be2534b75969de8ca7c2c9533,f,26,hu
6742cfadd7e0bc74a5583c89e9ed5cd97fc,m,48,hu
67547040a51826a4c2e9a8ba5d613156103,m,26,hu
676625c184743344c22b9866db1add7b27a,m,48,hu
67793c96315f9224c4a9570a6d5ae8df3e8,m,04,bp
678a8c4dfb323b0494787c50c2c91ad1bca,f,26,ch
67908001aa61743479786350c964178900d,m,04,hu
680d7cf61153a184d1eabb075f4b9e45786,f,26,hu
6818c1bde2263a74cfa9ec3c9d3b2e14916,m,04,hu
68249bc58b773eb4e768db789335e0e7502,m,72,hu
683e1d9716172ac4520895c17a70fb0381d,f,26,hu
6844688e95f4f7947bf9bbbd2039ba7ff18,f,26,hu
685e38ebe653aad4074b9350dbfff571e84,m,26,bu
686744d3c6244f14d0d8d9feef1ed5f4411,f,04,hu
687e10ca5ecd1f24c63a899f1c1268784db,m,72,bp
6882db1f37388944c51815fc65aa4b5644e,m,04,hu
68930f4aaeedd8f4625a711d07354c353ed,m,04,ti
6902d45c26ef4b64836b9c926f454184a0b,f,26,hu
69197248d360e4d45878b6b7e2bbe29858f,m,04,hu
692e75ab21ce0d340cbad69143a3fd905bf,f,72,hu
6939ef4d71b04424ed797fe1224c66a477a,m,72,hu
69463f6362349e14c14bf3b65e06cbf2008,f,04,hu
695a8cb03a5266d4a5db283bb34d701d01e,m,26,hu
6969b72f727c01e460caa7a8b7bd9cdf708,m,26,dk
697c942ad4966524d1296bcfcb93179c26f,f,26,ti
6980b829c9335634f5aa22f44060983dbc7,m,72,hu
699c67a9b427d064f388647dfa375c78cc7,m,26,dk
70026f2dc2e7d604e118f8b471c0a5bea62,f,26,dc
701c9db40d0f46d411cb43131ee30cf3fe2,f,04,hu
70278189e4c97fd46ec92fe0d378cf0d24b,m,04,hu
703f6bb769fd13b4c36b7a2c7ab0bf2f7d0,m,04,hu
7042339c2f2fb444db1a7ba70ed36e91a0a,m,72,dc
705439e60e7afbf45008324ebf2ea906a43,m,26,hu
706cbf3f3756fff4e62afcafe2754a4c5e7,m,04,hu
7078c944daf51c54b2a9c019a1a8b108ce0,m,72,hu
708a2d4675d79ac4a5da89e1a71778088ad,m,26,hu
70938fc720e030649a885222eb8698e012c,m,04,hu
7104f8527b9c1e64a34bc0511048e5cb17c,m,04,hu
711b4733be23be34fea9c0d3b3d6a978449,f,72,hu
712f214b95d5fb740b6ac0fe4db819582f9,m,22,dk
7139d3c2b41339440d9babefbb69d13fdf4,m,26,hu
714890ff6caf8124d10b1fe2b3b8aed2aa4,m,72,hu
715490aa70279bc44239e16f077e159c5ca,m,04,hu
716c2e9a98291d04d3faedc97a57a4ff420,f,72,hu
717d3df1b6e4fa544e3a83e856aff9a4cfd,f,72,hu
718ea757fdf790e400382110e947f1762e0,f,72,lo
7192eb231c5fc424df7bb08fd49d78f5ce1,f,26,lo
7200f6cf6ca5c09467485ee844794f8f73d,m,04,hu
7211c8aadd9831145178a1877da96bdd688,m,26,hu
722f3b85d25f19340f695a099748e7bdef2,m,26,hu
723620cb821f40d4bb58ae85f39fc7e1372,m,48,hu
72468904884972b460bbb3c2ad3e67c0f2e,m,04,hu
725c429eecc0eee4a70b2d2b711c79a9b29,m,26,hu
726da1dc513a94d4642b3542187041cd7be,m,26,sc
72757b85b2bc5394f0690740614cc427dc1,f,04,bp
728866ff7d5c0c44bd2b027544282940cd0,m,26,hu
729a064ba484cea4ba4b80da358ecf41778,m,48,hu
7303acc0b77d0a74dfdb65c7071d49f687f,m,48,hu
731f25786a3fe46477eab4c3b33c9e38850,f,72,hu
7322df4c99b9d3748fc8e153d118899ed94,f,26,bu
733d0f2f7cc4325453eb701df0a6d2a000f,m,72,dk
734cf8705ff944d4df383618913819a3fdf,m,04,hu
73526bdd36d2698432791d8f85fb1003263,f,04,hu
73614410264f8a14f68abf9a052be9d6f80,f,26,hu
7371b11ccd792494172b42de748537fd430,m,04,ti
738980b603ee412423b81262674f865a28a,f,72,hu
739a395e7caf670422e8fedb10e177a081b,f,72,lo
740ea5db98191d1498d8e01edff63448a37,m,26,ti
741e0dbc6df432d4619a0cfa9f7a8b2bb2c,m,04,hu
742b0fb5644ed544eb19b5c67f98ea7c9b9,m,04,ti
7433a6d75441c6f40faa81ab5c1ec52b983,m,04,hu
744064e25dac6064856bd32f603f3c2c5d3,f,26,dk
74582ba00bd2e0441d5ad46181486b0e0b1,f,48,hu
7464f482150b9db4481b96606cb7042f626,f,04,hu
7476f8470cd9288413f8da24e5726b5d387,m,04,hu
748950fbd13d1c84e3a83cc3ac8589f31c9,m,04,hu
7490c1fd0d41a214a5087e26db77321ed97,m,48,hu
7500e8c74ab19b04800a5b9b3cabcbbd2b8,m,04,hu
751300b00e84dc74c64b083fce2b23a9559,m,04,hu
752470f6cf03259443e8fb54ac0c0aa2626,m,48,hu
753e90991631cf444b29facce21f92cc5e8,f,26,bu
754298b1f7da4c54cbfa56abef42533bf70,m,04,hu
755374b1d658cf04847beaa2ebbf04a3d84,f,48,dk
75697e6135190a24224822ba45d7c2c337b,m,04,sc
757607898f2573c45ca93f2c751eb8b8260,m,48,hu
75852e162a1ae0b402eb6bd859a69a72f75,m,26,bp
759ca48012d9f5347fa812d0af1d29b0786,m,04,hu
76062932360b52b4c41b312dbbfb557b3c1,m,26,hu
7618b5a4b770149478fad59cbaa5bb25ac6,m,26,hu
76257e54d60a55440889caf74181d569508,m,72,hu
763b5a11bb6992d4980bdb3d6ec8ccd8ab9,m,72,hu
7641df1389ab39148fc975cdf2306e27116,m,26,hu
7652d65844aab044e0c956f70922bc34bea,m,48,hu
7663cb6de17efc94713a8ec8434aaf2b023,m,72,dk
76745059b74ced541a78288427cbaf9248e,f,48,dk
768372bb34cfc93466fbf66c627af34ef03,m,26,hu
769f0a6f980eaba4bd2aadf6c8274ad4382,f,48,dk
770fd622a2771f446b9bed3af30df4f6ad2,m,04,hu
771eeea97c3f6e048a4954c6102333a5148,f,04,hu
772ffff3a8a8dcd4d3e9c4ea7827143bb36,f,26,hu
773dc43057e00b247e1bb29b0fb8e3bc316,f,04,hu
7749b35f644a48b44c5b14fc92ac281e12c,m,04,hu
7755f53093c369749388fb780c6cc477eb2,m,04,hu
776d1f7d158668f45b9828ee0c76ff9594b,m,72,hu
777d3b14cb80da7416fbe9c6b90baa662ed,m,04,hu
7788598ecca81cb4e0cb657acc682c2f5d4,m,26,ti
77993b6c81d31f44ea2827d659dcdd7443d,m,26,hu
780a49ff56523c74353a4a220ad04beb37d,f,26,hu
781cbc4964ec21149c0bd7f0f20269cd99b,f,26,dc
782a48224e01db047049c8fc35fc06e7e39,m,04,hu
78316c911d6262443b7a88cad1c24b59bd7,f,26,hu
784bf96406f002846ac9e9c89588518f8b0,m,26,hu
785a9a4c9f551054c1d9bb6baa73d0f49d0,f,26,hu
7862ed8940a835449d09272664983e5e34b,m,04,dk
787a5ec51b6aea8470abdf26e39cf0ef855,m,04,bp
7887106d0d643664d7fb4158297917d576c,f,04,dk
789616c4645666044d895bc46ad43dc947d,m,72,dk
79008ea403afbc448cb8e0777086d939c32,f,72,hu
7912ff84b264c6540de8251724a5a3f93c8,f,72,hu
7922aa41223e04a4472abd5c4100386a244,m,26,sc
793dd534b11816f4dc098a70237fb986736,m,72,dc
794c91392d47a674b4bbead6bb3580baf25,m,04,hu
795f9b4e8de437943c18f1b9b00413f6793,f,26,hu
796e3caec46d42041ca8fde0e83972a2c11,m,04,hu
797bb6b18f597bb480b92657a815331dec0,m,26,dk
798baebab5a7feb43fa9c5ebb8241f61e8a,m,26,hu
7996e1081431f2c41ab85e5336f07c0a939,m,04,hu
8004c4e8a601c2c46fcb39cb7027d06b4a2,f,48,hu
80198c78be7d5b44131b2525c90e3813414,m,26,sc
8021a09086339cd44769ce5a934ad43686e,f,04,dk
80397cff886968c49db96ef4204e7055429,m,04,hu
804e675dc41c01d41919730630d6b589542,m,26,hu
805a5cb8255fb4d499796297e3a7bb69a9d,f,72,dk
806acdc49740a5940f498d1224b3724b384,m,04,hu
807af200d63883944e5af09e532f95ce721,m,26,dc
8085398ad8d1df14a0fa59d758c61af518b,f,26,hu
809e467775cebb741d1b789488c3f57dd76,f,26,hu
8101465ed310eb842fcaec15281d9ae673e,f,26,dk
811bf2e4b95729949f6a17a433e26bb556f,f,72,hu
81271f9e307b32344a5a1a889a7adb458f0,m,04,dk
8136b7bfad1551a4a27a79f2bef6bff8c10,m,26,bp
814fed9c3f9e3db48e2acc9012998050e8a,m,48,bp
8152bca4caeb4114a01944a540817b798da,f,22,hu
81686179500593749868b8ffff942fa55e2,m,04,hu
817fee6aeae039b4410a354052eabb21faa,m,48,hu
818d64c23b4b54944b3871dcc284fcec4f0,m,26,dk
819ee03a499afb649298ac7d4cd060df784,f,26,dk
820dcc78a93ca5d48f38b09a804ebd6bb27,f,72,bu
821851e9be20644483b9fcfc417d6b47327,m,04,hu
8221c790e1fa653408d81fbc35687af4d2a,f,26,ti
82372ada6e43612499fa2faed1765e629a4,m,72,dk
824b67213119aa94224b5cb1ad8dd23b84d,f,26,hu
8257cb0562e949e4a2ca571fcb800845c03,m,72,hu
826be8ce79273ec46929e9e1ed36a8e0f7e,m,04,hu
827c30b8284963f4b0ca0166d1bcbadd6d3,f,04,ti
828a1cf00c939eb4c2fb456a77a7e5c96c4,m,04,hu
829976b33b796dc45b1a2a1d92b10b54dd1,f,04,lo
830463d68bd025649699dcbd64cc5dc73cd,f,04,hu
831b19d55b73fec4deeb38100e9cb436985,m,72,hu
83291d7832f98dd459493db5ccca9cc2af5,m,26,hu
8338c9aae1f32534db1b0c55cad427cee45,m,04,hu
834abe0849daf4045d0882e1f46e562d745,m,26,hu
835b93f009310c14e0eafcf3e7dd464091c,m,26,hu
8367a645e2ae2274e3eb5d87ee9b3bcec6e,f,04,hu
83736bee163947b4ea7bdbab17007cfd72e,f,26,bu
83890113adf1ce64281bf00d806b62bf298,m,04,hu
8392067a5165bcd4fcd95d74fcfd47e1eb5,f,26,dk
8402b2cffe636a24a3b8b2674c97829e1d4,f,72,ti
841b28444137723426095c177faf2f0e179,m,04,hu
842a7417b656a3e4c709deb912c98697c41,f,04,hu
843a131d6c68ac7427e9e19bd76581283e3,f,26,dk
84406d8725541be4dfc8388215e94b91e1a,m,04,hu
845b87311121863417caa6b90e70b447688,m,22,hu
84648e32c557e124c69b2d7ffb749f1d3e1,f,72,dk
84700a80a8161594d49aa636cf98d8f069a,m,26,hu
848151497c2cf984916a898de1050d607a2,f,26,dc
849701a6709ae0b4321a96001e887f3f232,m,04,ch
850e894b76f85aa494caf01faf747cfd772,m,72,hu
8515743e77f107f48e09998c3d5a6c2a929,f,04,bp
8522a65af42f6ae4179a74a2c8f9df4ad09,m,72,sc
8534c3ef347bf444fe6b5d6fb777a74a92c,f,04,hu
8549ffbc141fc2941e29db3399870c6a475,m,04,hu
8557c361ec2527f454abc605f2181c320fc,f,72,hu
8566727643ac4b84822af7114294a18b39e,m,04,hu
8578cee944ebd164e95ab1414b74831d191,m,26,hu
85828090e57123d4b31b2f95d0cd3507828,f,26,dk
85933ffa174204846e1aa6f0ce4d0e0427a,f,04,hu
860c9357f41961c40b7b306b81a4e007bdd,f,48,dc
861fddbd023e1704a3c84a9d22920021303,m,04,hu
8621f855e5b54204295a5862fd9070e1ec0,m,26,dk
863210db928149c476aa8fe96b0a938c343,m,48,hu
864014f7a37a548465280e3f3c3769a4f5b,m,72,hu
8650c81f2a9578741c1914f72f23c35dd51,m,04,hu
866457d28249ed146c48e9b61f52f3cc657,f,22,hu
867bd7c5a692a4b43dbacfaeb4bd2be8106,f,04,hu
868502e09643870435c80bf982b583277af,f,04,hu
869c8138c3578144749a2e97fac9226d7f5,m,04,hu
8701d720b0c72ec44e1b63e0731e28845b4,f,04,hu
871ad29ea8eca32464dacb0d3872edb792e,m,26,hu
8721e6e3c627f374bb49ecf858e70ad59cc,m,72,dk
87326e8a97d99f643c2a6ac2506e4a188d0,m,26,hu
874688a8596251d4bb7b4d23da4d145e5e2,m,26,ch
875d69b48982a6a4734925e238716164bfd,m,72,hu
8766514e50877bd4752b3eea33da2a6390d,m,72,hu
8778e9aea05a58345d5b17a7ab8a929ddbc,f,04,hu
8782a9b1e150e4940909671171512852351,m,04,hu
8799b32043272e8481c9e2c02c838f9da31,f,04,lo
8804d53a49bdc44480fa060d14f4af30de4,f,26,hu
8811f0efe18bf1e4a3db3eb36c021679a3f,m,26,hu
882216eba28d806466c9247216c59984865,m,04,hu
8836c47bef804ce4315898bb91cc9259bd9,m,48,dk
884a46d834c1ae34c979cc7b9bfea80a7f4,f,26,hu
8858bc113a7afdd4a12a4fe756430732138,m,26,hu
8861155b67e9630498c86aedb2245e2d0d6,m,26,hu
887f32593afeed94c459e33987c4f11c670,m,04,hu
888a4bc332b28cb4abcaf50ae236998ad4e,m,48,hu
8896b502d8eb4ce4e61afe54cc3101005e5,m,72,dk
890fc07f6d1e7fe401a90c0593aa96f98bd,f,04,hu
891e691fcb2042e43a9b26142b86e293c28,m,04,hu
892ce85e787210f43c399d865d0b43004bb,f,04,dk
893bae03498c4f743c3ac6b7f820307f283,f,26,hu
894b259a84fe5c34e54b27a8a1c12ffaba0,m,48,dk
895794462fc9f294de488445b78ee53a659,f,04,hu
89672e6729a268c4c399072a38c1dc0de07,f,26,dk
897eedf400827554246954296ed41da1e90,f,72,dc
